Nombre,x,y,ajuste,residuo,cook,fila_csv
OPPO Reno 11,3.1,359.88,591.4096695764541,-231.52966957645413,0.0011796550076713268,2
Poco X6 Pro 5G,3.35,239.988,702.0809418946968,-462.0929418946968,0.007760289879901322,3
Xiaomi Redmi Note 13 Pro Plus,2.8,383.988,458.6041427945628,-74.61614279456279,6.444962118305148e-05,4
OPPO Reno 11 Pro,3.1,491.88,591.4096695764541,-99.52966957645413,0.00021799515241136607,5
Xiaomi Redmi Note 13 Pro Max 5G,2.4,407.988,281.53010708537465,126.45789291462535,0.0001432668750377138,6
Xiaomi Redmi Note 13 Pro 5G,2.4,311.988,281.53010708537465,30.457892914625347,8.311006397186523e-06,7
Motorola Moto G34 5G,2.2,131.988,192.9930892307808,-61.00508923078081,4.639539511466495e-05,8
Xiaomi Redmi Note 13 5G,2.4,215.988,281.53010708537465,-65.54210708537465,3.848528474631327e-05,9
Motorola Edge 40 Neo,2.5,275.988,325.7986160126719,-49.810616012671915,2.0865732430375872e-05,10
Poco X6 5G,2.4,191.988,281.53010708537465,-89.54210708537465,7.18304398007284e-05,11
OnePlus 12R,3.2,479.988,635.6781785037512,-155.69017850375116,0.0006573225843804951,12
Vivo Y28 5G,2.2,167.988,192.9930892307808,-25.00508923078081,7.794702812958423e-06,13
Motorola Moto G54 5G,2.2,167.988,192.9930892307808,-25.00508923078081,7.794702812958423e-06,14
Xiaomi Redmi 13C 5G,2.2,131.988,192.9930892307808,-61.00508923078081,4.639539511466495e-05,15
iQOO Neo 9 Pro,3.2,431.88,635.6781785037512,-203.79817850375116,0.0011263068283752212,16
Vivo V29,2.4,375.6,281.53010708537465,94.06989291462537,7.927845994957197e-05,17
OnePlus Nord CE 3 5G,2.7,298.2,414.335633867266,-116.135633867266,0.0001310638029911139,18
Motorola Moto G54 5G (12GB RAM +256GB),2.2,191.988,192.9930892307808,-1.0050892307808112,1.259366056384466e-08,19
Samsung Galaxy A15 5G,2.2,233.988,192.9930892307808,40.99491076921919,2.095089764603714e-05,20
iQOO Neo 9,3.2,323.88,635.6781785037512,-311.79817850375116,0.0026363512265694796,21
Vivo V27,2.8,296.988,458.6041427945628,-161.6161427945628,0.00030235994261720265,22
OnePlus Nord CE 3 Lite 5G,2.2,232.02,192.9930892307808,39.0269107692192,1.8987644638839192e-05,23
Motorola Edge 40 5G,2.6,323.988,370.06712493996895,-46.07912493996895,1.8393194533037965e-05,24
Xiaomi Redmi 12 5G,2.2,156.948,192.9930892307808,-36.0450892307808,1.61970138736476e-05,25
Realme 11 Pro Plus,2.6,311.988,370.06712493996895,-58.07912493996895,2.9220580988434792e-05,26
Infinix Note 30 5G (8GB RAM + 256GB),2.4,179.988,281.53010708537465,-101.54210708537465,9.237325514800601e-05,27
Vivo T2 Pro 5G,2.8,287.988,458.6041427945628,-170.6161427945628,0.0003369729330757669,28
Poco X5 Pro,2.4,203.988,281.53010708537465,-77.54210708537465,5.386778300016418e-05,29
Vivo T2x 5G (6GB RAM + 128GB),2.2,155.988,192.9930892307808,-37.00508923078081,1.7071263103778642e-05,30
Realme GT 5 Pro,3.3,467.88,679.946687431048,-212.06668743104797,0.0014867311231315842,31
Xiaomi Redmi Note 13 5G (8GB RAM + 256GB),2.4,239.988,281.53010708537465,-41.54210708537465,1.5460763878751514e-05,32
Xiaomi Redmi Note 14 Pro Max,2.4,359.88,281.53010708537465,78.34989291462534,5.499595148794398e-05,33
Realme C67 5G,2.2,155.124,192.9930892307808,-37.869089230780816,1.7877733735743515e-05,34
Samsung Galaxy F54,2.4,299.988,281.53010708537465,18.457892914625347,3.0522362773306604e-06,35
OnePlus Nord 3 5G,3.05,355.596,569.2754151128055,-213.6794151128055,0.0009021558131079115,36
Motorola Edge 40 Neo (12GB RAM + 256GB),2.5,299.988,325.7986160126719,-25.810616012671915,5.602560411131251e-06,37
Xiaomi Redmi Note 13 Pro Plus (12GB RAM + 512GB),2.8,431.988,458.6041427945628,-26.61614279456279,8.200588407978223e-06,38
Samsung Galaxy M34 5G,2.4,194.22,281.53010708537465,-87.31010708537465,6.829406247352017e-05,39
Vivo V30 Pro,3.05,515.88,569.2754151128055,-53.395415112805495,5.63331600217579e-05,40
OPPO Reno 10,2.6,395.988,370.06712493996895,25.92087506003105,5.820335716796433e-06,41
Realme 11 Pro,2.6,263.988,370.06712493996895,-106.07912493996895,9.747844105580276e-05,43
Samsung Galaxy S21 FE 5G,2.9,368.352,502.87265172186005,-134.52065172186008,0.00025769694898619564,44
Motorola Moto G84 5G,2.2,227.988,192.9930892307808,34.99491076921919,1.5266958505086634e-05,45
Xiaomi Redmi 13C 5G (8GB RAM + 256GB),2.2,173.988,192.9930892307808,-19.00508923078081,4.502799096204046e-06,46
OPPO A59 5G,2.2,167.988,192.9930892307808,-25.00508923078081,7.794702812958423e-06,47
OnePlus 11R 5G,3.2,479.964,635.6781785037512,-155.71417850375116,0.000657525255584424,48
POCO X5 5G,2.2,155.988,192.9930892307808,-37.00508923078081,1.7071263103778642e-05,49
Xiaomi Redmi Note 13 Pro Plus (12GB RAM + 256GB),2.8,407.988,458.6041427945628,-50.61614279456279,2.9657386197907822e-05,50
Motorola Moto G32 (8GB RAM + 128GB),2.4,119.988,281.53010708537465,-161.54210708537465,0.0002337897100850941,51
iQOO Z7 Pro 5G,2.8,287.988,458.6041427945628,-170.6161427945628,0.0003369729330757669,52
Samsung Galaxy A25 5G,2.4,323.988,281.53010708537465,42.45789291462535,1.6149935063755728e-05,53
Motorola Moto G82 (8GB RAM + 128GB),2.2,179.988,192.9930892307808,-13.005089230780811,2.1084796652201566e-06,54
Apple iPhone 15,3.46,875.88,750.7763017147234,125.10369828527655,0.0006935090306722637,55
Realme 11x 5G,2.2,179.988,192.9930892307808,-13.005089230780811,2.1084796652201566e-06,57
Xiaomi Redmi 12 5G (8GB RAM + 256GB),2.2,182.82,192.9930892307808,-10.173089230780818,1.290174493998144e-06,58
Vivo V29e,2.2,323.988,192.9930892307808,130.9949107692192,0.0002139200990527534,60
Apple iPhone 14,3.22,719.988,644.5318802892106,75.4561197107895,0.0001607851748544965,61
Xiaomi Redmi Note 12 Pro 5G,2.6,235.788,370.06712493996895,-134.27912493996894,0.00015619449481201457,62
Poco M6 Pro 5G,2.2,131.988,192.9930892307808,-61.00508923078081,4.639539511466495e-05,63
Vivo Y200 5G,2.0,263.988,104.45607137618663,159.53192862381337,0.0004887942637113131,64
Xiaomi Redmi 12 5G (6GB RAM + 128GB),2.2,161.988,192.9930892307808,-31.00508923078081,1.1984190815483286e-05,65
iQOO Z7s 5G,2.2,191.988,192.9930892307808,-1.0050892307808112,1.259366056384466e-08,66
OnePlus Nord CE 3 Lite 5G (8GB RAM + 256GB),2.2,255.456,192.9930892307808,62.46291076921918,4.863928489135834e-05,67
OnePlus Ace 3,3.2,371.988,635.6781785037512,-263.69017850375116,0.001885575946152546,68
Infinix Hot 40 Pro,2.2,155.88,192.9930892307808,-37.113089230780815,1.7171054072194187e-05,69
Vivo T2x 5G,2.2,143.988,192.9930892307808,-49.00508923078081,2.9938160537680822e-05,70
iQOO Neo 7 5G,3.1,299.988,591.4096695764541,-291.4216695764541,0.0018688971236645476,71
Apple iPhone 13,3.22,617.988,644.5318802892106,-26.543880289210506,1.989692148602122e-05,72
Vivo T2 5G,2.2,203.988,192.9930892307808,10.994910769219189,1.5070447989894865e-06,73
Samsung Galaxy M14 (6GB RAM + 128GB),2.4,158.4,281.53010708537465,-123.13010708537465,0.0001358258464208978,74
Motorola Moto G24 5G,2.6,143.988,370.06712493996895,-226.07912493996895,0.00044276129094468746,75
OPPO Reno 10 Pro,2.4,455.988,281.53010708537465,174.45789291462535,0.0002726686144790977,76
Xiaomi Redmi Note 13 5G (12GB RAM + 256GB),2.4,263.988,281.53010708537465,-17.542107085374653,2.7568771980431427e-06,77
POCO X5 5G (8GB RAM + 256GB),2.2,167.988,192.9930892307808,-25.00508923078081,7.794702812958423e-06,78
Tecno Pop 8,1.6,77.988,-72.61796433300151,150.6059643330015,0.0009652675923941793,80
OPPO F23,2.2,239.988,192.9930892307808,46.99491076921919,2.7532421072758143e-05,81
Realme Narzo 60 5G,2.2,191.988,192.9930892307808,-1.0050892307808112,1.259366056384466e-08,83
Motorola Moto G73,2.2,203.988,192.9930892307808,10.994910769219189,1.5070447989894865e-06,84
Samsung Galaxy S23 5G,3.36,779.988,706.5077927874264,73.48020721257365,0.00019991015760077816,85
Samsung Galaxy S22 5G,3.0,599.988,547.1411606491571,52.84683935084297,4.9476258763897766e-05,86
Realme C67 5G (6GB RAM + 128GB),2.2,167.34,192.9930892307808,-25.653089230780807,8.20393267735411e-06,87
Nubia Z60 Ultra,3.3,635.88,679.946687431048,-44.06668743104797,6.419605463707539e-05,88
Infinix Zero 30 5G (12GB RAM + 256GB),2.6,287.988,370.06712493996895,-82.07912493996895,5.835984817296264e-05,89
Vivo Y28 5G (8GB RAM + 128GB),2.2,203.988,192.9930892307808,10.994910769219189,1.5070447989894865e-06,90
Vivo V29 Pro,3.1,479.88,591.4096695764541,-111.52966957645413,0.00027373009161383834,91
Xiaomi Redmi K70 Pro,3.3,467.88,679.946687431048,-212.06668743104797,0.0014867311231315842,92
OnePlus Nord CE 4 Lite 5G,2.4,251.88,281.53010708537465,-29.650107085374657,7.876013251524991e-06,93
Apple iPhone 15 Pro Max,3.78,1882.8,892.435530282074,990.364469717926,0.07202143986975422,94
Tecno Spark 20 Pro,2.2,155.988,192.9930892307808,-37.00508923078081,1.7071263103778642e-05,95
Realme 12,3.0,179.88,547.1411606491571,-367.2611606491571,0.0023895098246064506,96
Samsung Galaxy S20 FE 5G,2.84,359.988,476.3115463654816,-116.3235463654816,0.00016974672226045308,97
Xiaomi Redmi 13C 5G (6GB RAM + 128GB),2.2,149.988,192.9930892307808,-43.00508923078081,2.305591967784448e-05,98
Samsung Galaxy A54 5G,2.4,407.88,281.53010708537465,126.34989291462534,0.00014302226847423267,99
Poco C55,2.0,77.988,104.45607137618663,-26.46807137618663,1.345474476837272e-05,100
Samsung Galaxy S23 FE 5G,2.8,606.0,458.6041427945628,147.3958572054372,0.00025149267113752557,101
OnePlus Nord 3 5G (16GB RAM + 256GB),3.05,407.988,569.2754151128055,-161.2874151128055,0.0005139929270260973,102
Realme 11 5G (8GB RAM + 256GB),2.2,233.4,192.9930892307808,40.406910769219195,2.0354200179961513e-05,103
Infinix GT 10 Pro,3.0,263.988,547.1411606491571,-283.1531606491571,0.0014203704981188212,104
Poco F5,2.91,359.988,507.29950261458987,-147.31150261458987,0.0003157810785602772,105
Poco M6 Pro 5G (6GB RAM + 128GB),2.2,143.988,192.9930892307808,-49.00508923078081,2.9938160537680822e-05,106
Realme C53,1.82,113.988,24.772755307051966,89.21524469294803,0.00022339010039492207,107
Vivo Y78 Plus,2.2,215.88,192.9930892307808,22.886910769219185,6.530058877473938e-06,108
Lava Storm 5G,2.4,161.988,281.53010708537465,-119.54210708537465,0.0001280252754440099,109
Lava Storm 5G,2.4,161.988,281.53010708537465,-119.54210708537465,0.0001280252754440099,110
Vivo V28,2.2,347.88,192.9930892307808,154.88691076921918,0.0002990695380403014,111
Vivo Y28 5G (6GB RAM + 128GB),2.2,185.988,192.9930892307808,-7.005089230780811,6.117445200067563e-07,112
Realme 11 Pro Plus (12GB RAM + 256GB),2.6,359.988,370.06712493996895,-10.079124939968949,8.800237143158926e-07,113
Samsung Galaxy A34 5G,2.6,305.988,370.06712493996895,-64.07912493996895,3.5569836000349985e-05,114
OnePlus Nord CE 3 (12GB RAM + 256GB),2.7,335.988,414.335633867266,-78.34763386726598,5.964905207350986e-05,115
iQOO Neo 7 Pro,3.2,395.988,635.6781785037512,-239.69017850375116,0.0015579610599342102,116
Xiaomi Redmi Note 13 Pro 5G (12GB RAM + 256GB),2.4,359.988,281.53010708537465,78.45789291462535,5.514767234374342e-05,118
Xiaomi Redmi Note 13 Pro 5G (8GB RAM + 256GB),2.4,335.988,281.53010708537465,54.45789291462535,2.6569022277038276e-05,119
OnePlus Nord CE 2 Lite 5G,2.2,212.928,192.9930892307808,19.934910769219186,4.954174919334147e-06,120
Xiaomi Redmi Note 12 5G,2.0,185.988,104.45607137618663,81.53192862381337,0.0001276692481240869,121
Vivo T2 Pro 5G (8GB RAM + 256GB),2.8,299.988,458.6041427945628,-158.6161427945628,0.00029123901154336505,122
Vivo T2x 5G (8GB RAM + 128GB),2.2,179.988,192.9930892307808,-13.005089230780811,2.1084796652201566e-06,123
Realme C55 (8GB RAM + 128GB),2.0,137.988,104.45607137618663,33.53192862381337,2.1594737816051958e-05,124
Samsung Galaxy S21 FE (Snapdragon),2.84,476.388,476.3115463654816,0.07645363451837284,7.332674399954662e-11,125
Samsung Galaxy A14 5G,2.4,171.48,281.53010708537465,-110.05010708537466,0.00010850127577324587,126
itel S23 Plus,2.0,167.988,104.45607137618663,63.53192862381337,7.752021135546009e-05,127
Poco M6 5G,2.2,125.988,192.9930892307808,-67.00508923078081,5.5970388831812744e-05,128
Samsung Galaxy M14,2.4,147.804,281.53010708537465,-133.72610708537465,0.00016020877870363148,129
itel P55 5G (6GB RAM + 128GB),2.4,119.988,281.53010708537465,-161.54210708537465,0.0002337897100850941,130
Honor 90 5G,2.36,353.88,263.82270351445584,90.05729648554416,7.626219956800052e-05,131
Realme 11,2.2,203.988,192.9930892307808,10.994910769219189,1.5070447989894865e-06,132
Apple iPhone 15 Plus,3.46,995.88,750.7763017147234,245.10369828527655,0.002662021460767791,133
Vivo S18,2.63,323.88,383.34767761815795,-59.46767761815795,3.145557724581778e-05,134
Vivo V30,2.63,407.88,383.34767761815795,24.53232238184205,5.353194572009487e-06,135
Infinix Smart 8 HD,1.6,75.58800000000001,-72.61796433300151,148.20596433300153,0.0009347484338418332,136
Samsung Galaxy A15 5G (8GB RAM + 256GB),2.2,269.988,192.9930892307808,76.99491076921919,7.390380249292045e-05,137
Meizu 21,3.3,467.88,679.946687431048,-212.06668743104797,0.0014867311231315842,138
OnePlus 11R (16GB RAM + 256GB),3.2,539.88,635.6781785037512,-95.79817850375116,0.00024886889757928386,139
Realme Narzo 60X,2.2,152.844,192.9930892307808,-40.14908923078082,2.0095283617142138e-05,140
Motorola Moto G34,2.8,179.88,458.6041427945628,-278.7241427945628,0.0008992986805986816,141
OnePlus Nord 4 5G,2.4,359.988,281.53010708537465,78.45789291462535,5.514767234374342e-05,142
Realme GT 5 (240W),3.2,515.88,635.6781785037512,-119.79817850375116,0.0003891854097093903,143
Xiaomi Redmi 13 5G,2.2,149.988,192.9930892307808,-43.00508923078081,2.305591967784448e-05,144
Poco F6,2.63,479.88,383.34767761815795,96.53232238184205,8.288600578487644e-05,145
OnePlus Nord CE 4 5G,2.7,287.88,414.335633867266,-126.45563386726599,0.00015539181589324557,146
Xiaomi Redmi 12C,2.0,83.988,104.45607137618663,-20.46807137618663,8.046086831272423e-06,147
OnePlus 11 5G,3.2,641.94,635.6781785037512,6.261821496248899,1.0633040970232995e-06,148
OPPO A79 5G,2.2,239.988,192.9930892307808,46.99491076921919,2.7532421072758143e-05,149
Poco C51,2.2,69.57600000000001,192.9930892307808,-123.4170892307808,0.00018988617361292458,150
Google Pixel 8A,3.0,551.88,547.1411606491571,4.738839350842909,3.978348167615876e-07,151
Vivo V29 (12GB RAM + 256GB),2.4,442.8,281.53010708537465,161.26989291462536,0.00023300245711834104,152
Nothing Phone 2a,2.8,359.88,458.6041427945628,-98.7241427945628,0.00011282400764321167,153
Nothing Phone 2 (12GB RAM + 256GB),3.2,479.988,635.6781785037512,-155.69017850375116,0.0006573225843804951,154
Samsung Galaxy S24 FE,3.2,719.988,635.6781785037512,84.3098214962489,0.00019275802174523762,155
Realme C55,2.0,107.988,104.45607137618663,3.5319286238133714,2.395822870228345e-07,156
Oppo A78,2.2,185.988,192.9930892307808,-7.005089230780811,6.117445200067563e-07,157
Apple iPhone 14 Plus,3.22,803.988,644.5318802892106,159.4561197107895,0.0007180248074233008,158
Tecno Camon 19 Pro 5G,2.4,155.988,281.53010708537465,-125.54210708537465,0.00014119936148270117,159
Apple iPhone 12,3.1,515.988,591.4096695764541,-75.42166957645406,0.00012517972571174775,160
Tecno Pova 5 Pro,2.4,179.988,281.53010708537465,-101.54210708537465,9.237325514800601e-05,161
Vivo T3 5G,2.4,263.88,281.53010708537465,-17.650107085374657,2.7909277576070533e-06,162
Oppo Reno 10 Pro Plus,3.2,659.988,635.6781785037512,24.3098214962489,1.602579786779193e-05,163
Realme GT Neo 3 5G (12GB RAM + 256GB),2.85,308.16,480.7383972582114,-172.5783972582114,0.0003814434986465442,164
Xiaomi Redmi 13C 4G,2.0,107.364,104.45607137618663,2.907928623813376,1.6240461051897613e-07,165
Poco M6 Pro 5G (8GB RAM + 256GB),2.2,161.988,192.9930892307808,-31.00508923078081,1.1984190815483286e-05,166
Realme GT 2 Pro 5G (12GB RAM + 256GB),3.0,406.8,547.1411606491571,-140.34116064915708,0.00034892247433076666,170
Tecno Spark Go 2024,1.6,80.388,-72.61796433300151,153.00596433300151,0.0009962769989821554,171
Poco F6 Pro,3.2,491.88,635.6781785037512,-143.79817850375116,0.000560741747390031,172
Samsung Galaxy S23 (8GB RAM + 256GB),3.36,736.8000000000001,706.5077927874264,30.292207212573658,3.397472536069582e-05,173
Google Pixel 7A,2.85,479.988,480.7383972582114,-0.7503972582114216,7.211736189401189e-09,174
Infinix Zero 30 5G,2.6,275.988,370.06712493996895,-94.07912493996895,7.66717289020937e-05,176
Oppo Reno 8T,2.2,335.868,192.9930892307808,142.87491076921918,0.00025448060499909896,177
iQOO Z6 Lite (6GB RAM + 128GB),2.0,155.988,104.45607137618663,51.53192862381337,5.100158377845135e-05,178
Xiaomi Redmi 12 4G,2.0,113.916,104.45607137618663,9.459928623813369,1.7187257702120099e-06,179
OnePlus 10R 5G,2.85,328.728,480.7383972582114,-152.0103972582114,0.0002959401859674395,180
OnePlus 10 Pro 5G,3.0,521.988,547.1411606491571,-25.15316064915703,1.1208408348055826e-05,181
Nubia Red Magic 9 Pro 5G,3.3,683.88,679.946687431048,3.933312568952033,5.114514894204152e-07,183
iQOO Z7 Pro 5G (8GB RAM + 256GB),2.8,299.988,458.6041427945628,-158.6161427945628,0.00029123901154336505,184
Realme Narzo N55 (6GB RAM + 128GB),2.0,113.988,104.45607137618663,9.531928623813371,1.7449879519983385e-06,185
Vivo Y56,2.2,215.988,192.9930892307808,22.99491076921919,6.591833080497083e-06,186
Samsung Galaxy A05,2.0,119.136,104.45607137618663,14.679928623813367,4.138841141361276e-06,187
Motorola Moto G62 5G,2.2,197.388,192.9930892307808,4.394910769219194,2.407924513989925e-07,188
Poco X5 Pro (8GB RAM + 256GB),2.4,275.988,281.53010708537465,-5.542107085374653,2.7517167775897084e-07,190
Tecno Spark 20 Pro Plus,2.2,215.988,192.9930892307808,22.99491076921919,6.591833080497083e-06,191
Poco C65,2.0,95.988,104.45607137618663,-8.468071376186629,1.3772091183173082e-06,192
Infinix Hot 30 5G (8GB RAM + 128GB),2.2,155.988,192.9930892307808,-37.00508923078081,1.7071263103778642e-05,193
Samsung Galaxy M34 5G (8GB RAM + 128GB),2.4,223.392,281.53010708537465,-58.138107085374656,3.028138122384322e-05,194
Motorola Moto G82 5G,2.2,201.6,192.9930892307808,8.606910769219184,9.235009473077225e-07,195
Motorola Moto G14,2.0,101.988,104.45607137618663,-2.4680713761866286,1.1698934246249104e-07,196
Huawei P60 Pro,3.19,1007.988,631.2513276110213,376.7366723889787,0.003771028995060572,197
Apple iPhone 15 Pro,3.78,1571.88,892.435530282074,679.4444697179262,0.03389843382299146,198
Samsung Galaxy M52 5G,2.4,287.88,281.53010708537465,6.349892914625343,3.6123240991121233e-07,199
OPPO Reno 12,3.35,419.88,702.0809418946968,-282.2009418946968,0.002894251000497473,200
Motorola Moto E13 (8GB RAM + 128GB),2.0,89.988,104.45607137618663,-14.468071376186629,4.020241614587286e-06,202
Lava Agni 2 5G,2.6,239.988,370.06712493996895,-130.07912493996895,0.00014657635963695519,204
Jio JioPhone 5G,2.2,119.88,192.9930892307808,-73.11308923078082,6.663969690600979e-05,205
Realme C2s,2.0,41.988,104.45607137618663,-62.46807137618663,7.494575951969287e-05,206
Nubia Neo,2.7,191.88,414.335633867266,-222.455633867266,0.0004808820809248024,208
iQOO Z7s (8GB RAM + 128GB),2.2,203.988,192.9930892307808,10.994910769219189,1.5070447989894865e-06,209
iQOO Neo 7 (12GB RAM + 256GB),3.1,335.988,591.4096695764541,-255.42166957645412,0.0014356784793256203,210
Vivo V26 Pro,3.2,515.88,635.6781785037512,-119.79817850375116,0.0003891854097093903,211
Xiaomi Redmi K70E,3.35,287.988,702.0809418946968,-414.0929418946968,0.006231820427152033,212
Realme GT 5,3.2,407.88,635.6781785037512,-227.79817850375116,0.001407202555482732,213
Honor X50 GT,3.2,287.988,635.6781785037512,-347.69017850375116,0.003278241674127178,214
Realme Narzo 60 Pro (12GB RAM + 1TB),2.6,347.988,370.06712493996895,-22.07912493996895,4.222915895978516e-06,215
Xiaomi Redmi Note 12 (8GB RAM + 256GB),2.0,227.988,104.45607137618663,123.53192862381337,0.0002930821124654134,217
Infinix Hot 40,2.0,107.88,104.45607137618663,3.4239286238133673,2.2515431519771854e-07,218
Xiaomi Redmi Note 12 4G,2.8,143.988,458.6041427945628,-314.6161427945628,0.0011458210167712619,219
Samsung Galaxy S24 Plus,3.3,1079.88,679.946687431048,399.93331256895215,0.005287649852824015,220
Motorola Moto G62 (8GB RAM + 128GB),2.2,215.88,192.9930892307808,22.886910769219185,6.530058877473938e-06,221
Samsung Galaxy A25 5G (8GB RAM + 256GB),2.4,359.988,281.53010708537465,78.45789291462535,5.514767234374342e-05,222
Realme C53 (6GB RAM + 128GB),1.82,132.9,24.772755307051966,108.12724469294804,0.0003281376429407073,223
Tecno Pova 5 Pro 5G (8GB RAM + 256GB),2.4,191.988,281.53010708537465,-89.54210708537465,7.18304398007284e-05,224
Nokia G42 5G,2.2,149.988,192.9930892307808,-43.00508923078081,2.305591967784448e-05,225
Vivo V27 Pro,3.1,413.88,591.4096695764541,-177.52966957645413,0.0006935593025381299,227
iQOO 7,3.2,275.88,635.6781785037512,-359.79817850375116,0.0035105409362898464,228
Infinix Smart 8,1.6,95.988,-72.61796433300151,168.6059643330015,0.0012097879376724758,229
Realme Narzo 60X (6GB RAM + 128GB),2.2,165.36,192.9930892307808,-27.633089230780797,9.519225679340241e-06,230
Vivo V29e (8GB RAM + 256GB),2.2,347.988,192.9930892307808,154.9949107692192,0.00029948675562048964,231
Samsung Galaxy A05s,2.4,155.988,281.53010708537465,-125.54210708537465,0.00014119936148270117,232
Samsung Galaxy F34 5G,2.4,221.988,281.53010708537465,-59.54210708537465,3.176159507440533e-05,233
Vivo Y23,2.0,191.88,104.45607137618663,87.42392862381337,0.0001467883223770897,234
Poco C55 (6GB RAM + 128GB),2.0,89.976,104.45607137618663,-14.480071376186629,4.026913257925682e-06,236
Tecno Camon 19 Neo,2.0,119.988,104.45607137618663,15.531928623813371,4.633206337389004e-06,237
Apple iPhone 11,2.65,526.8,392.20137940361735,134.5986205963826,0.00016467603913242017,238
Apple iPhone 9,2.65,359.88,392.20137940361735,-32.32137940361736,9.4957433649779e-06,239
Vivo Y78t,2.2,155.88,192.9930892307808,-37.113089230780815,1.7171054072194187e-05,240
Honor X9B,2.2,347.88,192.9930892307808,154.88691076921918,0.0002990695380403014,241
Poco M6 Pro 5G (4GB RAM + 128GB),2.2,131.988,192.9930892307808,-61.00508923078081,4.639539511466495e-05,242
Realme 11x 5G (8GB RAM + 128GB),2.2,191.988,192.9930892307808,-1.0050892307808112,1.259366056384466e-08,243
Nubia Redmagic 8s Pro,3.36,551.88,706.5077927874264,-154.62779278742642,0.0008852567159189389,244
Meizu 20 Infinity Unbound Edition,3.2,599.988,635.6781785037512,-35.6901785037511,3.454248368118621e-05,246
OPPO K11 5G,2.7,263.88,414.335633867266,-150.455633867266,0.00021997264937446306,247
Poco M5,2.2,93.84,192.9930892307808,-99.15308923078081,0.00012256183190973075,248
Poco M4 5G (6GB RAM + 128GB),2.2,131.988,192.9930892307808,-61.00508923078081,4.639539511466495e-05,249
Xiaomi Mi 11X,3.2,263.868,635.6781785037512,-371.81017850375116,0.003748855235890592,250
Realme Narzo 60 5G (8GB RAM +256GB),2.2,215.988,192.9930892307808,22.99491076921919,6.591833080497083e-06,252
Tecno Camon 20 Pro 5G,3.0,239.268,547.1411606491571,-307.87316064915706,0.0016792001955923082,253
Xiaomi Redmi Note 15,2.2,191.88,192.9930892307808,-1.1130892307808153,1.5445526116177602e-08,254
Samsung Galaxy A34 5G (8GB RAM + 256GB),2.6,340.68,370.06712493996895,-29.387124939968942,7.48105619018454e-06,255
Samsung Galaxy A54 5G (8GB RAM + 256GB),2.4,449.988,281.53010708537465,168.45789291462535,0.0002542357583205505,256
Xiaomi Redmi Note 12 Pro Plus,2.6,335.32800000000003,370.06712493996895,-34.73912493996892,1.0454095597268e-05,258
Nothing Phone 2,3.2,479.988,635.6781785037512,-155.69017850375116,0.0006573225843804951,259
OnePlus Nord CE 2 5G (8GB RAM + 128GB),2.4,239.988,281.53010708537465,-41.54210708537465,1.5460763878751514e-05,260
Infinix Note 30 5G,2.4,173.988,281.53010708537465,-107.54210708537465,0.00010361222227666226,261
Vivo S18 Pro,3.35,443.88,702.0809418946968,-258.2009418946968,0.0024228968124980262,262
Infinix Hot 30i,2.3,99.588,237.26159815807762,-137.67359815807762,0.00019542386678226002,263
Motorola Moto E13 (4GB RAM + 64GB),2.0,77.988,104.45607137618663,-26.46807137618663,1.345474476837272e-05,264
Realme GT 2 Pro 5G,3.0,378.0,547.1411606491571,-169.1411606491571,0.0005068242991916648,265
Xiaomi Redmi 13C (8GB RAM + 256GB),2.0,133.14,104.45607137618663,28.683928623813358,1.5801857309272774e-05,266
Nubia Red Magic 9 Pro Plus 5G,3.3,779.88,679.946687431048,99.93331256895203,0.0003301475623284787,267
Samsung Galaxy M34 5G (8GB RAM + 256GB),2.4,269.988,281.53010708537465,-11.542107085374653,1.1935046195618884e-06,268
Honor 90 5G (12GB RAM +512GB),2.36,407.988,263.82270351445584,144.16529648554416,0.0001954307845034183,269
Apple iPhone 15 Pro Max (1TB),3.78,2362.8,892.435530282074,1470.364469717926,0.15875291069513384,270
Poco C51 (6GB RAM + 128 GB),2.2,80.988,192.9930892307808,-112.00508923078081,0.00015639334081935554,271
Oppo A18,2.0,119.988,104.45607137618663,15.531928623813371,4.633206337389004e-06,272
OPPO A58 4G,2.0,155.988,104.45607137618663,51.53192862381337,5.100158377845135e-05,273
Vivo Y27 5G,2.2,251.988,192.9930892307808,58.99491076921919,4.3388220783511596e-05,274
Xiaomi Redmi A2 (4GB RAM + 64GB),2.2,81.58800000000001,192.9930892307808,-111.4050892307808,0.00015472226194045315,275
Xiaomi Redmi Note 12 Turbo Harry Potter Edition,2.91,335.88,507.29950261458987,-171.41950261458987,0.00042759561820420534,277
Vivo Y100,2.4,256.8,281.53010708537465,-24.73010708537464,5.47905802279365e-06,278
iQOO Z9,2.91,239.88,507.29950261458987,-267.4195026145899,0.0010406362213139161,279
Poco F4 (12GB RAM + 256GB),3.2,287.988,635.6781785037512,-347.69017850375116,0.003278241674127178,280
Samsung Galaxy F64 5G,2.4,299.988,281.53010708537465,18.457892914625347,3.0522362773306604e-06,281
Poco M6 5G (8GB RAM + 256GB),2.2,155.988,192.9930892307808,-37.00508923078081,1.7071263103778642e-05,282
Vivo V29 Pro (12GB RAM + 256GB),3.1,515.988,591.4096695764541,-75.42166957645406,0.00012517972571174775,283
Samsung Galaxy S21 FE (Snapdragon + 8GB RAM + 128GB),2.84,479.988,476.3115463654816,3.6764536345183956,1.695603542788118e-07,284
OPPO A2 Pro 5G,2.6,251.988,370.06712493996895,-118.07912493996895,0.00012077998463408998,285
iQOO Neo 7 Pro (12GB RAM + 256GB),3.2,431.988,635.6781785037512,-203.69017850375116,0.0011251134035139595,286
Vivo T2 5G (8GB RAM + 128GB),2.2,227.988,192.9930892307808,34.99491076921919,1.5266958505086634e-05,287
Vivo V27 (12GB RAM + 256GB),2.8,425.88,458.6041427945628,-32.724142794562795,1.2396278862920975e-05,288
Tecno Camon 20 Premier,3.0,299.988,547.1411606491571,-247.1531606491571,0.001082159192877742,289
Samsung Galaxy A14 5G (6GB RAM + 128GB),2.4,203.868,281.53010708537465,-77.66210708537466,5.403463778336359e-05,290
Xiaomi Redmi Note 12 Pro (8GB RAM + 256GB),2.6,287.88,370.06712493996895,-82.18712493996895,5.851352939878692e-05,291
Apple iPhone SE 4,3.22,599.88,644.5318802892106,-44.65188028921057,5.630365256407317e-05,292
Realme 10,2.2,131.988,192.9930892307808,-61.00508923078081,4.639539511466495e-05,293
Poco M5 (6GB RAM + 128GB),2.2,101.988,192.9930892307808,-91.00508923078081,0.00010324620655810883,294
Samsung Galaxy A24,2.2,215.988,192.9930892307808,22.99491076921919,6.591833080497083e-06,295
Xiaomi Redmi 13C (6GB RAM + 128GB),2.0,118.944,104.45607137618663,14.487928623813374,4.031284650616554e-06,296
Poco M6 5G (6GB RAM + 128GB),2.2,137.868,192.9930892307808,-55.125089230780816,3.788273754591464e-05,297
Lava Blaze 2 5G,2.2,119.988,192.9930892307808,-73.00508923078081,6.644296683473103e-05,298
Infinix Zero 30 4G,2.2,191.988,192.9930892307808,-1.0050892307808112,1.259366056384466e-08,299
Nokia 6600 Max 5G,3.2,419.88,635.6781785037512,-215.79817850375116,0.0012628497137351594,300
Vivo Y17s,2.0,125.988,104.45607137618663,21.53192862381337,8.904237443194826e-06,301
Nothing Phone 2 (12GB RAM + 512GB),3.2,503.988,635.6781785037512,-131.69017850375116,0.00047028691313956455,302
Vivo Y27 4G,2.0,155.988,104.45607137618663,51.53192862381337,5.100158377845135e-05,303
Realme 11 Pro (8GB RAM + 256GB),2.6,299.988,370.06712493996895,-70.07912493996895,4.2542798868409704e-05,304
Honor 90 Lite,2.2,299.88,192.9930892307808,106.88691076921918,0.00014242682561430765,305
Motorola Razr 40,2.4,539.988,281.53010708537465,258.4578929146254,0.0005984577625499837,306
Infinix Hot 40i,1.6,95.988,-72.61796433300151,168.6059643330015,0.0012097879376724758,308
Samsung Galaxy A34 5G (8GB RAM + 128GB),2.6,329.988,370.06712493996895,-40.07912493996895,1.3915063089556326e-05,309
OPPO A17,2.3,119.988,237.26159815807762,-117.27359815807762,0.00014180017823430723,311
Samsung Galaxy A23 5G,2.2,263.988,192.9930892307808,70.99491076921919,6.2834357637347e-05,312
Realme Narzo 60 Pro 5G,2.6,263.988,370.06712493996895,-106.07912493996895,9.747844105580276e-05,313
Google Pixel 7 5G,2.85,563.988,480.7383972582114,83.24960274178864,8.876089934929565e-05,314
OPPO Reno8 5G,3.0,359.988,547.1411606491571,-187.1531606491571,0.0006205162332604272,315
Vivo U3x,2.0,107.88,104.45607137618663,3.4239286238133673,2.2515431519771854e-07,317
Tecno Spark Go 2024 (4GB RAM + 64GB),1.6,83.988,-72.61796433300151,156.6059643330015,0.0010437103239309248,318
Honor 100 Pro,3.2,479.88,635.6781785037512,-155.79817850375116,0.0006582348508118018,319
Xiaomi Redmi A2 (2GB RAM + 64GB),2.2,65.988,192.9930892307808,-127.00508923078081,0.00020108746172066753,321
Realme Narzo N53,1.8,103.992,15.91905352159256,88.07294647840745,0.00022662467893629315,322
Motorola Moto G74,2.6,239.88,370.06712493996895,-130.18712493996895,0.00014681985479406427,323
Tecno Spark 10 Pro,2.0,135.54,104.45607137618663,31.083928623813364,1.8556782418405303e-05,325
Vivo T3 Pro,2.7,383.88,414.335633867266,-30.455633867265988,9.013367146187118e-06,326
Samsung Galaxy S23 Plus,3.36,1019.988,706.5077927874264,313.48020721257365,0.0036384328759862888,327
Samsung Galaxy A15 4G,2.2,203.88,192.9930892307808,10.886910769219185,1.477583630254081e-06,328
OPPO Reno 9 Pro 5G,2.85,479.988,480.7383972582114,-0.7503972582114216,7.211736189401189e-09,329
Motorola Moto G32,2.4,131.988,281.53010708537465,-149.54210708537465,0.00020034610200424973,330
Xiaomi 12 Pro 5G (12GB RAM + 256GB),3.0,1019.988,547.1411606491571,472.84683935084297,0.003960953979689977,331
Google Pixel 7 Pro 5G,2.85,803.988,480.7383972582114,323.24960274178864,0.0013382379886649268,332
Realme GT 2 5G,2.84,320.64,476.3115463654816,-155.67154636548162,0.00030400771689106167,334
Samsung Galaxy A01,2.0,95.988,104.45607137618663,-8.468071376186629,1.3772091183173082e-06,335
OPPO Reno 12 Pro,3.2,599.88,635.6781785037512,-35.79817850375116,3.4751854037605894e-05,336
Apple iPhone 15 Plus (256GB),3.46,1115.988,750.7763017147234,365.2116982852766,0.00591018648304236,337
Apple iPhone 15 (256GB),3.46,995.988,750.7763017147234,245.2116982852766,0.00266436790971933,338
Xiaomi Redmi 12 4G (6GB RAM + 128GB),2.0,122.304,104.45607137618663,17.847928623813374,6.117958271235415e-06,339
Xiaomi Redmi K70,3.2,359.88,635.6781785037512,-275.79817850375116,0.002062713486349358,340
Honor X50,2.2,191.88,192.9930892307808,-1.1130892307808153,1.5445526116177602e-08,342
Tecno Camon 20,2.0,155.988,104.45607137618663,51.53192862381337,5.100158377845135e-05,343
Asus ROG Phone 7 Pro,3.2,1139.88,635.6781785037512,504.20182149624895,0.006893899398250306,344
Vivo S19 Pro,3.25,479.88,657.8124329673996,-177.93243296739956,0.0009492989408026624,345
Realme GT Neo 5,3.2,371.988,635.6781785037512,-263.69017850375116,0.001885575946152546,346
Vivo X90 5G,3.05,659.88,569.2754151128055,90.6045848871945,0.00016220212114680243,347
Vivo V25 5G,2.0,278.38800000000003,104.45607137618663,173.9319286238134,0.000581017876431458,348
Motorola Edge 30 Fusion 5G,2.9,386.28,502.87265172186005,-116.59265172186008,0.00019358589508639064,349
Xiaomi Redmi Note 11 Pro Max 5G,2.4,239.988,281.53010708537465,-41.54210708537465,1.5460763878751514e-05,350
Motorola Moto G60,2.3,161.988,237.26159815807762,-75.27359815807762,5.842001023618177e-05,351
Realme GT 5G,2.84,287.988,476.3115463654816,-188.3235463654816,0.0004449132877660558,352
Poco X3 Pro,2.96,203.376,529.4337570782383,-326.0577570782383,0.0017252781046199904,353
OPPO F21 Pro 5G,2.2,281.988,192.9930892307808,88.99491076921919,9.873544506137879e-05,354
Honor 90 GT,3.2,359.88,635.6781785037512,-275.79817850375116,0.002062713486349358,355
Realme C65 5G,2.2,155.988,192.9930892307808,-37.00508923078081,1.7071263103778642e-05,356
Nokia G42 5G (8GB RAM + 256GB),2.2,193.44,192.9930892307808,0.44691076921918693,2.489914212820582e-09,357
Samsung Galaxy S23 FE 5G (8GB RAM + 256GB),2.8,719.988,458.6041427945628,261.38385720543727,0.0007908831161555207,358
Tecno Spark 20,2.0,143.988,104.45607137618663,39.53192862381337,3.001420708310326e-05,359
Itel P40 Plus,2.0,91.068,104.45607137618663,-13.38807137618663,3.442444186492051e-06,360
Realme C51,1.8,105.552,15.91905352159256,89.63294647840745,0.00023472399931188793,362
Realme C55 (6GB RAM + 64GB),2.0,113.736,104.45607137618663,9.279928623813376,1.653941487760057e-06,364
Realme GT Neo 5 (240W),3.2,479.988,635.6781785037512,-155.69017850375116,0.0006573225843804951,365
Xiaomi Redmi Note 12 (6GB RAM + 128GB),2.0,203.988,104.45607137618663,99.53192862381337,0.0001902635993764502,366
Vivo Y22,2.0,173.988,104.45607137618663,69.53192862381337,9.285374422458719e-05,367
Infinix Zero Ultra,2.5,359.988,325.7986160126719,34.189383987328085,9.830426497194714e-06,368
Realme 10 Pro Plus,2.6,299.988,370.06712493996895,-70.07912493996895,4.2542798868409704e-05,370
Vivo V25 Pro 5G,3.0,419.988,547.1411606491571,-127.15316064915709,0.0002864264600403855,371
Vivo V23 Pro 5G,3.0,358.8,547.1411606491571,-188.34116064915708,0.0006284189902911145,372
Apple iPhone 13 (256GB),3.22,755.988,644.5318802892106,111.4561197107895,0.0003508042971464496,373
Motorola Moto E40,1.8,76.788,15.91905352159256,60.86894647840744,0.00010824646439788027,374
itel P55 5G,2.4,119.58,281.53010708537465,-161.95010708537467,0.0002349721467867769,375
Lava Blaze Pro 5G,2.2,155.988,192.9930892307808,-37.00508923078081,1.7071263103778642e-05,376
OPPO A38,2.0,143.988,104.45607137618663,39.53192862381337,3.001420708310326e-05,377
Oppo A78 4G,2.4,185.988,281.53010708537465,-95.54210708537465,8.177932765602803e-05,378
Vivo Y18,2.2,179.88,192.9930892307808,-13.113089230780815,2.1436445650602277e-06,380
Realme GT Neo 5 SE,2.91,287.88,507.29950261458987,-219.41950261458987,0.0007005888761295882,385
Samsung Galaxy A14 5G (8GB RAM + 128GB),2.4,227.868,281.53010708537465,-53.66210708537466,2.5798196651440875e-05,387
Xiaomi Redmi Note 12 Pro (8GB RAM + 128GB),2.6,287.988,370.06712493996895,-82.07912493996895,5.835984817296264e-05,388
Samsung Galaxy F04,2.3,92.388,237.26159815807762,-144.8735981580776,0.0002163987607869999,389
Google Pixel 8,3.0,911.988,547.1411606491571,364.84683935084297,0.0023581965105411765,390
Nothing Phone 1 (12GB RAM + 256GB),2.5,383.988,325.7986160126719,58.189383987328085,2.8475891385290112e-05,391
iQOO Z8 5G,3.1,233.988,591.4096695764541,-357.4216695764541,0.002811275902666566,392
Vivo T1 44W (6GB RAM + 128GB),2.4,191.988,281.53010708537465,-89.54210708537465,7.18304398007284e-05,393
Samsung Galaxy F23 5G (6GB RAM + 128GB),2.2,221.988,192.9930892307808,28.99491076921919,1.0480603649906614e-05,394
OPPO Reno 8 Pro 5G,2.85,425.88,480.7383972582114,-54.858397258211426,3.85428286837066e-05,395
OnePlus Nord CE 2 5G,2.4,287.88,281.53010708537465,6.349892914625343,3.6123240991121233e-07,396
Xiaomi Redmi Note 10 JE 5G,2.0,131.88,104.45607137618663,27.423928623813367,1.4444090781720799e-05,397
Samsung Galaxy S22 Plus 5G,3.0,719.988,547.1411606491571,172.84683935084297,0.0005292753898992706,398
OnePlus 9R (12GB RAM + 256GB),3.2,419.88,635.6781785037512,-215.79817850375116,0.0012628497137351594,399
Samsung Galaxy A82 5G,2.96,479.88,529.4337570782383,-49.55375707823828,3.98495308015633e-05,400
Samsung Galaxy Z Flip 3,2.84,545.148,476.3115463654816,68.83645363451842,5.94433264670888e-05,401
Samsung Galaxy Note 10 Plus,2.73,645.42,427.616186545455,217.80381345454498,0.0004834217989822352,402
Google Pixel 8 Pro (12GB RAM + 256 GB),3.0,1367.988,547.1411606491571,820.846839350843,0.011936666941809783,403
OnePlus Ace 3V,2.63,359.988,383.34767761815795,-23.359677618157946,4.853660466308559e-06,404
Realme C53 (6GB RAM + 64GB),1.82,115.188,24.772755307051966,90.41524469294804,0.00022943998485315184,406
Infinix Hot 30 5G,2.2,149.988,192.9930892307808,-43.00508923078081,2.305591967784448e-05,407
Xiaomi Redmi Note 12R,2.2,143.88,192.9930892307808,-49.113089230780815,3.0070264540384104e-05,408
OnePlus Ace 2 Pro,3.2,419.88,635.6781785037512,-215.79817850375116,0.0012628497137351594,409
Poco F5 (12GB RAM + 256GB),2.91,407.988,507.29950261458987,-99.31150261458987,0.00014351982321964492,410
Tecno Spark 11,2.2,143.88,192.9930892307808,-49.113089230780815,3.0070264540384104e-05,412
Vivo Y02t 4G,2.3,101.988,237.26159815807762,-135.27359815807762,0.00018866978748003458,414
Infinix Note 30,2.2,215.88,192.9930892307808,22.886910769219185,6.530058877473938e-06,415
Realme Narzo N55,2.0,119.856,104.45607137618663,15.399928623813366,4.554789233664178e-06,416
iQOO Neo 8,3.2,347.988,635.6781785037512,-287.69017850375116,0.0022444306579214156,417
Vivo V27 4G,2.0,239.88,104.45607137618663,135.42392862381337,0.0003522262235232764,418
Xiaomi Redmi A2,2.2,69.58800000000001,192.9930892307808,-123.4050892307808,0.00018984924966146348,419
Poco F5 Pro,3.2,443.988,635.6781785037512,-191.69017850375116,0.000996450764149143,420
Motorola Moto E13,2.0,71.988,104.45607137618663,-32.46807137618663,2.024621542588818e-05,421
Lava Blaze 5G,2.2,119.988,192.9930892307808,-73.00508923078081,6.644296683473103e-05,422
Vivo Y16 (4GB RAM + 64GB),2.3,113.88,237.26159815807762,-123.38159815807762,0.00015695568797933828,423
Realme Narzo 50i Prime (4GB RAM + 64GB),1.82,76.788,24.772755307051966,52.01524469294803,7.5935887492461e-05,424
Xiaomi Redmi K50i 5G,2.85,311.988,480.7383972582114,-168.75039725821142,0.00036470940440587777,425
OnePlus Nord 2T (12GB RAM + 256GB),3.0,407.88,547.1411606491571,-139.2611606491571,0.0003435728492799157,427
Realme GT Neo 3T,3.2,299.988,635.6781785037512,-335.69017850375116,0.0030558595581107583,429
Motorola Moto G52,2.4,131.988,281.53010708537465,-149.54210708537465,0.00020034610200424973,430
Realme GT Neo 3 5G,2.85,323.928,480.7383972582114,-156.81039725821142,0.00031492494668762294,431
Samsung Galaxy A53 5G,2.4,383.88,281.53010708537465,102.34989291462534,9.384879288766163e-05,432
Xiaomi Mi 11 Lite NE 5G,2.4,251.988,281.53010708537465,-29.542107085374653,7.818741265040659e-06,433
Apple iPhone 12 (128GB),3.1,587.988,591.4096695764541,-3.4216695764540646,2.5764270388897906e-07,434
Xiaomi Poco F1 (6GB RAM + 128GB),2.8,131.988,458.6041427945628,-326.6161427945628,0.0012348951091881097,435
Poco X6 Neo,2.4,287.88,281.53010708537465,6.349892914625343,3.6123240991121233e-07,437
Samsung Galaxy A05s (4GB RAM + 128GB),2.4,137.988,281.53010708537465,-143.54210708537465,0.00018459185741884508,438
Blackview A200 Pro,2.2,251.988,192.9930892307808,58.99491076921919,4.3388220783511596e-05,439
Samsung Galaxy F34 5G (8GB RAM + 128GB),2.4,245.988,281.53010708537465,-35.54210708537465,1.131723275355692e-05,440
Realme Narzo N53 (6GB RAM + 128GB),1.8,120.0,15.91905352159256,104.08094647840744,0.00031649336936498125,441
Infinix Note 30 Pro,2.2,239.88,192.9930892307808,46.886910769219185,2.7406020801159513e-05,442
Xiaomi Redmi 12C (6GB RAM + 128GB),2.0,107.988,104.45607137618663,3.5319286238133714,2.395822870228345e-07,443
Xiaomi Redmi Note 14 Pro 5G,2.2,227.88,192.9930892307808,34.886910769219185,1.5172871267775748e-05,444
Duoqin Qin 3 Ultra,2.2,227.88,192.9930892307808,34.886910769219185,1.5172871267775748e-05,445
Infinix Zero 5G 2023 Turbo,2.6,215.988,370.06712493996895,-154.07912493996895,0.0002056536039164199,446
Honor X9a,2.2,335.988,192.9930892307808,142.9949107692192,0.00025490825876508047,447
Samsung Galaxy Z Flip 5,3.2,1199.988,635.6781785037512,564.3098214962489,0.008635576561635041,448
Xiaomi Redmi Note 11R,2.2,155.88,192.9930892307808,-37.113089230780815,1.7171054072194187e-05,449
Apple iPhone 14 (256GB),3.22,827.988,644.5318802892106,183.4561197107895,0.0009504329256564036,450
iQOO 11 5G,3.2,623.988,635.6781785037512,-11.690178503751099,3.705940192927705e-06,451
Samsung Galaxy F13,2.0,119.988,104.45607137618663,15.531928623813371,4.633206337389004e-06,452
Realme 9 5G,2.4,167.988,281.53010708537465,-113.54210708537465,0.0001154962290419969,453
Honor 60 SE 5G,2.0,299.88,104.45607137618663,195.42392862381337,0.0007334767447933743,454
Tecno Spark 9T,2.3,85.188,237.26159815807762,-152.07359815807763,0.00023844263893883544,455
Samsung Galaxy A23,2.4,205.788,281.53010708537465,-75.74210708537464,5.139592315473355e-05,456
Xiaomi Redmi Note 11,2.4,138.0,281.53010708537465,-143.53010708537465,0.00018456099525939026,457
Samsung Galaxy A33 5G,2.4,311.988,281.53010708537465,30.457892914625347,8.311006397186523e-06,458
Poco X4 Pro 5G,2.2,191.988,192.9930892307808,-1.0050892307808112,1.259366056384466e-08,459
Honor X50i Plus,2.4,227.88,281.53010708537465,-53.65010708537466,2.5786659879500895e-05,460
Lava Blaze 2 5G (6GB RAM + 128GB),2.2,131.988,192.9930892307808,-61.00508923078081,4.639539511466495e-05,461
Nubia Z50S,3.2,299.988,635.6781785037512,-335.69017850375116,0.0030558595581107583,462
Vivo Y27s,2.4,155.88,281.53010708537465,-125.65010708537466,0.00014144240488454885,463
Vivo V40 Lite 5G,2.2,551.88,192.9930892307808,358.8869107692192,0.0016056762458909032,464
Samsung Galaxy M44 5G,2.84,359.988,476.3115463654816,-116.3235463654816,0.00016974672226045308,465
Xiaomi Redmi 14C,2.2,119.988,192.9930892307808,-73.00508923078081,6.644296683473103e-05,466
Motorola Razr 40 Ultra,3.2,875.988,635.6781785037512,240.3098214962489,0.0015660267011797274,469
Xiaomi Redmi Note 14,2.2,167.88,192.9930892307808,-25.113089230780815,7.862180747086232e-06,470
OPPO A98 5G,2.2,299.88,192.9930892307808,106.88691076921918,0.00014242682561430765,471
Asus Zenfone 10,3.2,851.88,635.6781785037512,216.20182149624884,0.001267578364986531,472
Redmi K60 Ultra,3.05,359.88,569.2754151128055,-209.3954151128055,0.000866344286876202,473
Vivo V27 Pro (12GB RAM + 256GB),3.1,455.988,591.4096695764541,-135.42166957645412,0.00040356922356808245,474
Nubia Z50 Ultra,3.2,563.88,635.6781785037512,-71.79817850375116,0.00013979221099971184,475
OnePlus V Flip,3.2,959.88,635.6781785037512,324.20182149624884,0.002850276696295177,476
Motorola Moto G13,2.0,107.988,104.45607137618663,3.5319286238133714,2.395822870228345e-07,478
Tecno Phantom X2,3.05,411.804,569.2754151128055,-157.47141511280552,0.0004899588875711468,479
Vivo Y22 (6GB RAM + 128GB),2.0,154.968,104.45607137618663,50.51192862381336,4.9002560240686175e-05,480
Vivo Y35,2.4,166.68,281.53010708537465,-114.85010708537465,0.00011817257926908456,481
OPPO A57 4G (4GB RAM + 64 GB),2.3,131.988,237.26159815807762,-105.27359815807762,0.00011426552258123735,482
Nubia Red Magic 8 Pro 5G,3.2,563.88,635.6781785037512,-71.79817850375116,0.00013979221099971184,483
Infinix Note 13 Pro,2.2,203.988,192.9930892307808,10.994910769219189,1.5070447989894865e-06,484
OnePlus Ace Racing Edition 5G,2.85,275.88,480.7383972582114,-204.85839725821143,0.0005374832018769395,485
Samsung Galaxy F24 5G,2.2,179.988,192.9930892307808,-13.005089230780811,2.1084796652201566e-06,486
Motorola Edge 30 5G (8GB RAM + 128GB),2.5,275.988,325.7986160126719,-49.810616012671915,2.0865732430375872e-05,487
Realme 9 5G SE,2.4,233.988,281.53010708537465,-47.54210708537465,2.0249334640624454e-05,488
Samsung Galaxy M33 5G,2.4,203.988,281.53010708537465,-77.54210708537465,5.386778300016418e-05,489
Xiaomi Redmi Note 11 Pro Plus 5G,2.2,257.628,192.9930892307808,64.63491076921918,5.208072861364337e-05,490
Samsung Galaxy M52 5G (8GB RAM + 128GB),2.4,299.88,281.53010708537465,18.349892914625343,3.016622556133309e-06,491
Apple iPhone 13 Pro Max (1TB),3.22,2158.8,644.5318802892106,1514.2681197107895,0.06475340709010823,492
Vivo Y21 2021,2.3,139.18800000000002,237.26159815807762,-98.0735981580776,9.917004138552278e-05,493
Xiaomi Mi 11i 5G,2.5,299.988,325.7986160126719,-25.810616012671915,5.602560411131251e-06,494
Realme 7 Pro (8GB RAM + 128GB),2.3,203.988,237.26159815807762,-33.27359815807762,1.1414997243389856e-05,495
Xiaomi Redmi K20 Pro Signature Edition,2.8,5760.0,458.6041427945628,5301.395857205437,0.32533834121283345,496
Apple iPhone SE 2020,2.65,478.8,392.20137940361735,86.59862059638266,6.816652310120066e-05,497
Lava Blaze Curve 5G,2.2,203.88,192.9930892307808,10.886910769219185,1.477583630254081e-06,498
Poco C65 (6GB RAM + 128GB),2.0,107.664,104.45607137618663,3.2079286238133733,1.976424655117321e-07,499
Lava Yuva 3 Pro,2.0,107.988,104.45607137618663,3.5319286238133714,2.395822870228345e-07,500
Realme C67 4G,2.8,143.88,458.6041427945628,-314.7241427945628,0.0011466078162574703,501
Samsung Galaxy A05 (6GB RAM + 128GB),2.0,149.988,104.45607137618663,45.53192862381337,3.9816489070569734e-05,502
OnePlus Nord N30 SE,2.2,239.88,192.9930892307808,46.886910769219185,2.7406020801159513e-05,504
Apple iPhone 15 Pro (256GB),3.78,1691.88,892.435530282074,799.4444697179262,0.04692975666081522,505
Apple iPhone 15 Pro Max (512GB),3.78,2122.8,892.435530282074,1230.364469717926,0.11115762511450411,506
Motorola Moto G86,3.1,299.988,591.4096695764541,-291.4216695764541,0.0018688971236645476,508
Motorola Moto G55,2.91,359.988,507.29950261458987,-147.31150261458987,0.0003157810785602772,509
Nubia Z50S Pro,3.2,527.988,635.6781785037512,-107.6901785037511,0.0003144910674491681,510
Vivo Y56 5G (4GB RAM + 128GB),2.2,191.988,192.9930892307808,-1.0050892307808112,1.259366056384466e-08,511
Tecno Camon 20 Pro 5G (8GB RAM + 256GB),3.0,262.176,547.1411606491571,-284.9651606491571,0.0014386075991554424,512
Realme 11 Pro (12GB RAM + 256GB),2.6,335.988,370.06712493996895,-34.07912493996895,1.0060639502219207e-05,513
Realme C56,2.2,155.88,192.9930892307808,-37.113089230780815,1.7171054072194187e-05,516
Poco X7 Pro,3.2,395.88,635.6781785037512,-239.79817850375116,0.001559365353617938,517
Vivo Y36 4G,2.4,179.988,281.53010708537465,-101.54210708537465,9.237325514800601e-05,518
Vivo Y100A (8GB RAM + 256GB),2.2,251.928,192.9930892307808,58.93491076921919,4.3300010821314414e-05,519
Infinix Hot 30,2.0,131.988,104.45607137618663,27.53192862381337,1.4558081269415814e-05,520
Xiaomi Redmi Note 12 4G (6GB RAM + 128GB),2.8,167.988,458.6041427945628,-290.6161427945628,0.0009776744098339775,521
Vivo Y57,2.2,227.88,192.9930892307808,34.886910769219185,1.5172871267775748e-05,522
Infinix Note 30 VIP,3.0,299.88,547.1411606491571,-247.2611606491571,0.0010831051547089724,523
Nokia C32,1.6,89.976,-72.61796433300151,162.5939643330015,0.0011250510342047165,524
Xiaomi 13T,3.1,683.88,591.4096695764541,92.47033042354587,0.0001881683300531723,525
Vivo V27e,2.2,275.988,192.9930892307808,82.99491076921919,8.587083163426436e-05,526
Realme 10 (8GB RAM + 128GB),2.2,178.8,192.9930892307808,-14.1930892307808,2.5112885154333572e-06,527
Nubia Red Magic 8 Pro Plus,3.2,731.988,635.6781785037512,96.3098214962489,0.0002515343356836275,528
Xiaomi Redmi Note 12 Pro Plus (12GB RAM + 256GB),2.6,371.988,370.06712493996895,1.920875060031051,3.196295723133756e-08,529
Vivo X Flip,3.2,863.88,635.6781785037512,228.20182149624884,0.001412193909581402,530
OPPO A58,2.2,227.88,192.9930892307808,34.886910769219185,1.5172871267775748e-05,531
Realme 9i 5G,2.4,167.88,281.53010708537465,-113.65010708537466,0.00011571605101692421,533
Tecno Spark 9 (4GB RAM + 64GB),2.3,75.58800000000001,237.26159815807762,-161.6735981580776,0.0002694973407034311,534
Samsung Galaxy M04,2.3,94.764,237.26159815807762,-142.4975981580776,0.0002093588695679743,535
Samsung Galaxy M13 (4GB RAM + 64GB),2.0,107.52,104.45607137618663,3.063928623813368,1.8029685754643898e-07,536
Sony Xperia L5 5G,2.3,191.88,237.26159815807762,-45.38159815807762,2.1234197286236342e-05,538
Tecno Spark 10C,2.0,102.504,104.45607137618663,-1.9520713761866233,7.318503015692354e-08,539
Infinix Smart 7,1.6,83.988,-72.61796433300151,156.6059643330015,0.0010437103239309248,540
Xiaomi Redmi 10 Power,2.4,118.788,281.53010708537465,-162.74210708537464,0.00023727597961324762,541
Xiaomi Redmi 10A (4GB RAM + 64GB),2.0,104.388,104.45607137618663,-0.06807137618662296,8.899383680914558e-11,542
Honor X9 5G,2.2,203.988,192.9930892307808,10.994910769219189,1.5070447989894865e-06,543
Realme GT Neo 3 5G (8GB RAM + 256GB),2.85,319.02,480.7383972582114,-161.71839725821144,0.00033494709188467385,544
Samsung Galaxy A53 5G (8GB RAM + 128GB),2.4,395.88,281.53010708537465,114.34989291462534,0.00011714545140759047,545
Realme Narzo 60,2.05,155.988,126.59032583983503,29.397674160164968,1.4878564186883908e-05,546
Xiaomi Redmi Note 12 Pro Max 5G,2.4,395.988,281.53010708537465,114.45789291462535,0.00011736683654415118,547
Motorola Edge 30 5G,2.5,263.988,325.7986160126719,-61.810616012671915,3.2130386680070334e-05,548
Samsung Galaxy A04s,2.0,131.76,104.45607137618663,27.303928623813363,1.431796015311566e-05,549
Poco M4 Pro 5G,2.4,179.988,281.53010708537465,-101.54210708537465,9.237325514800601e-05,550
Vivo V21 5G,2.4,287.40000000000003,281.53010708537465,5.869892914625382,3.086841018339702e-07,551
OnePlus 9R 5G,3.2,419.88,635.6781785037512,-215.79817850375116,0.0012628497137351594,552
iQOO 7 (12GB RAM + 256GB),3.2,317.988,635.6781785037512,-317.69017850375116,0.002736930052312941,553
Samsung Galaxy S21,2.9,839.988,502.87265172186005,337.11534827814,0.0016184094387176517,554
Samsung Galaxy M31s,2.3,203.88,237.26159815807762,-33.38159815807762,1.1489219481081013e-05,555
Xiaomi Redmi Note 10,2.2,148.56,192.9930892307808,-44.43308923078081,2.4612501854620433e-05,556
Apple iPhone 9 Plus,2.65,551.88,392.20137940361735,159.67862059638264,0.00023176227154240263,557
Samsung Galaxy S20,2.73,419.988,427.616186545455,-7.62818654545498,5.929770450054215e-07,558
Poco C65 (8GB RAM + 256GB),2.0,131.988,104.45607137618663,27.53192862381337,1.4558081269415814e-05,559
Realme C69 5G,2.2,179.988,192.9930892307808,-13.005089230780811,2.1084796652201566e-06,560
Vivo V30 Lite,2.2,479.88,192.9930892307808,286.8869107692192,0.0010260398115160452,561
itel P55 Plus,1.6,143.988,-72.61796433300151,216.6059643330015,0.0019966604015461296,562
Nothing Phone 2a (12GB RAM + 256GB),2.8,419.988,458.6041427945628,-38.61614279456279,1.7262057653541265e-05,563
Realme Narzo N53 (8GB RAM + 128GB),1.8,126.432,15.91905352159256,110.51294647840744,0.0003568194063561811,564
Vivo V27s,2.6,299.988,370.06712493996895,-70.07912493996895,4.2542798868409704e-05,565
Nokia C32 (6GB RAM + 128 GB),1.6,107.988,-72.61796433300151,180.6059643330015,0.0013881217523047714,566
Vivo Y17s (4GB RAM + 128 GB),2.0,137.988,104.45607137618663,33.53192862381337,2.1594737816051958e-05,567
Infinix Note 30 VIP Racing Edition,3.0,311.88,547.1411606491571,-235.2611606491571,0.000980526388726625,568
Tecno Spark 10 Pro Moon Explorer Edition,2.0,130.776,104.45607137618663,26.319928623813382,1.3304552876879166e-05,569
Xiaomi Redmi 12C (4GB RAM + 128GB),2.0,95.988,104.45607137618663,-8.468071376186629,1.3772091183173082e-06,571
Nokia X200,2.2,299.988,192.9930892307808,106.99491076921919,0.00014271479105734496,572
Xiaomi Redmi Note 12T Pro,3.1,221.988,591.4096695764541,-369.4216695764541,0.003003215143450695,573
iQOO Neo 9 SE,3.0,359.88,547.1411606491571,-187.2611606491571,0.0006212325993561429,574
Tecno Spark 12,2.2,179.88,192.9930892307808,-13.113089230780815,2.1436445650602277e-06,577
OnePlus Nord N30 5G,2.2,299.88,192.9930892307808,106.88691076921918,0.00014242682561430765,578
Vivo Y16 (4GB RAM + 128GB),2.3,131.988,237.26159815807762,-105.27359815807762,0.00011426552258123735,579
OnePlus 13R,3.3,551.88,679.946687431048,-128.06668743104797,0.0005422004582636629,580
Vivo V29 Lite,2.2,383.88,192.9930892307808,190.88691076921918,0.0004542501123621571,581
Tecno Spark 10,2.3,111.3,237.26159815807762,-125.96159815807762,0.0001635884360893314,582
Motorola Rizr Rollable,3.3,1919.88,679.946687431048,1239.9333125689523,0.05082579542187349,583
Oppo Reno 8T 4G,2.2,239.988,192.9930892307808,46.99491076921919,2.7532421072758143e-05,584
Xiaomi Redmi Note 12 Turbo,2.91,287.988,507.29950261458987,-219.31150261458987,0.0006998993751817482,585
Sony Xperia Ace IV,2.0,239.88,104.45607137618663,135.42392862381337,0.0003522262235232764,586
Tecno Phantom X2 Pro,3.05,503.988,569.2754151128055,-65.28741511280549,8.421997878939424e-05,587
Xiaomi Redmi Note 12 Pro 4G,2.3,179.988,237.26159815807762,-57.27359815807762,3.382090405494439e-05,588
Motorola Moto X40,3.2,479.988,635.6781785037512,-155.69017850375116,0.0006573225843804951,589
Infinix Note 12i (2022),2.0,101.988,104.45607137618663,-2.4680713761866286,1.1698934246249104e-07,590
Apple iPhone 14 Plus (256GB),3.22,983.988,644.5318802892106,339.4561197107895,0.003254050969460077,591
Realme C33 (4GB RAM + 64GB),1.8,95.76,15.91905352159256,79.84094647840745,0.00018624023174781677,592
OPPO A17K,2.3,101.988,237.26159815807762,-135.27359815807762,0.00018866978748003458,593
Google Pixel 8 Pro,3.0,1283.988,547.1411606491571,736.846839350843,0.009618631033401402,594
Realme C33,1.8,88.788,15.91905352159256,72.86894647840744,0.0001551340502845002,595
Vivo Y16,2.3,125.88,237.26159815807762,-111.38159815807762,0.00012790960751829167,596
Xiaomi Redmi 11 Prime 5G,2.2,142.18800000000002,192.9930892307808,-50.805089230780794,3.217786173135694e-05,597
Xiaomi Redmi K50i (8GB RAM + 256GB),2.85,431.988,480.7383972582114,-48.75039725821142,3.0437828975705717e-05,598
iQOO 9T 5G,3.2,593.988,635.6781785037512,-41.6901785037511,4.713284229552184e-05,599
Xiaomi 13 5G,3.2,719.88,635.6781785037512,84.20182149624884,0.0001922644960267699,600
Vivo T2x 5G (2022),3.0,227.88,547.1411606491571,-319.2611606491571,0.0018057224271767682,601
Xiaomi 13T Pro 5G,3.05,839.988,569.2754151128055,270.71258488719457,0.0014480150335542522,602
OPPO Reno 9 5G,2.4,341.988,281.53010708537465,60.45789291462535,3.274612533869706e-05,603
Realme Narzo 50 Pro 5G (8GB RAM + 128GB),2.5,227.988,325.7986160126719,-97.81061601267191,8.045662238944229e-05,604
Samsung Galaxy M54 5G,2.4,455.988,281.53010708537465,174.45789291462535,0.0002726686144790977,605
Motorola Moto Edge 40 Lite 5G,2.2,239.988,192.9930892307808,46.99491076921919,2.7532421072758143e-05,606
Vivo T1 Pro 5G (8GB RAM + 128GB),2.4,299.988,281.53010708537465,18.457892914625347,3.0522362773306604e-06,607
OnePlus 10R 5G (12GB RAM + 256GB),2.85,479.88,480.7383972582114,-0.8583972582114257,9.437000933235267e-09,608
Vivo T1 44W,2.4,173.988,281.53010708537465,-107.54210708537465,0.00010361222227666226,609
Realme GT 2 (12GB RAM + 256GB),2.84,347.988,476.3115463654816,-128.3235463654816,0.00020657551086753796,610
OPPO F21 Pro 4G,2.4,219.588,281.53010708537465,-61.94210708537466,3.437366618676711e-05,611
Samsung Galaxy M13 5G,2.2,161.988,192.9930892307808,-31.00508923078081,1.1984190815483286e-05,612
iQOO Z6 5G (8GB RAM + 128GB),2.2,215.988,192.9930892307808,22.99491076921919,6.591833080497083e-06,613
Xiaomi Redmi Note 11 (6GB RAM + 128GB),2.4,173.988,281.53010708537465,-107.54210708537465,0.00010361222227666226,614
Samsung Galaxy F23 5G,2.2,209.988,192.9930892307808,16.99491076921919,3.600646796858041e-06,615
Realme C35,2.0,119.988,104.45607137618663,15.531928623813371,4.633206337389004e-06,617
Xiaomi Redmi Note 11T 5G (6GB RAM + 128GB),2.4,197.88,281.53010708537465,-83.65010708537466,6.268835998973334e-05,618
Realme GT 2 Fold 5G,3.2,1139.88,635.6781785037512,504.20182149624895,0.006893899398250306,620
Realme 9 Pro Plus 5G,2.5,299.988,325.7986160126719,-25.810616012671915,5.602560411131251e-06,621
Oppo A56 5G,2.2,215.88,192.9930892307808,22.886910769219185,6.530058877473938e-06,622
OPPO Reno7 5G,2.0,323.88,104.45607137618663,219.42392862381337,0.0009246957094730378,623
OPPO Reno7 Pro 5G,3.0,431.988,547.1411606491571,-115.15316064915709,0.0002349148877640499,624
Apple iPhone 13 (512GB),3.22,803.988,644.5318802892106,159.4561197107895,0.0007180248074233008,625
Sony Xperia 10 III Lite 5G,2.0,371.88,104.45607137618663,267.42392862381337,0.0013735086494122927,626
Xiaomi Redmi Note 8 2021,2.0,119.88,104.45607137618663,15.423928623813367,4.568997107628939e-06,627
Poco X3 Pro (8GB RAM + 128GB),2.96,239.988,529.4337570782383,-289.4457570782383,0.0013595788898874753,628
Xiaomi Redmi Note 10 Pro Max (6GB RAM + 128GB),2.3,225.84,237.26159815807762,-11.421598158077614,1.3450239856925656e-06,629
Xiaomi Mi 11X Pro,2.84,358.8,476.3115463654816,-117.51154636548159,0.0001732316378063293,630
iQOO 9 5G,2.9,515.88,502.87265172186005,13.007348278139943,2.4093999057620973e-06,631
Samsung Galaxy S21 Plus,2.9,587.88,502.87265172186005,85.00734827813994,0.00010290685112534862,632
Samsung Galaxy S20 Plus,2.73,479.88,427.616186545455,52.263813454545016,2.783539967398456e-05,633
Motorola Edge Plus,2.84,599.988,476.3115463654816,123.67645363451845,0.00019188462420205937,634
Samsung Galaxy A32,2.0,263.988,104.45607137618663,159.53192862381337,0.0004887942637113131,635
Xiaomi Mi A4,2.3,167.988,237.26159815807762,-69.27359815807762,4.947795807361964e-05,636
OnePlus 7 (8GB RAM + 256GB),2.84,299.88,476.3115463654816,-176.4315463654816,0.00039049781664351877,637
Honor X50 Pro,3.2,395.88,635.6781785037512,-239.79817850375116,0.001559365353617938,638
Infinix Smart 8 Plus,2.3,131.88,237.26159815807762,-105.38159815807762,0.00011450009244099287,639
Honor Magic 6 Lite,2.2,419.988,192.9930892307808,226.9949107692192,0.000642354816757665,640
Vivo S18e,2.8,299.88,458.6041427945628,-158.7241427945628,0.00029163574949161373,641
Honor X7b,2.4,239.88,281.53010708537465,-41.65010708537466,1.554125729215627e-05,642
Lava Agni 2S,2.6,239.988,370.06712493996895,-130.07912493996895,0.00014657635963695519,643
Itel P40 (4GB RAM + 128GB),1.6,79.56,-72.61796433300151,152.1779643330015,0.0009855233618093781,644
Realme C51 (4GB RAM + 128 GB),1.8,107.388,15.91905352159256,91.46894647840745,0.0002444384403501998,645
OPPO A2x,2.2,155.988,192.9930892307808,-37.00508923078081,1.7071263103778642e-05,646
Honor X40 GT Racing,2.84,245.988,476.3115463654816,-230.3235463654816,0.000665491950175919,647
Honor 100 5G,2.63,359.88,383.34767761815795,-23.46767761815795,4.898644571703933e-06,648
Apple iPhone 15 Plus (512GB),3.46,1355.988,750.7763017147234,605.2116982852766,0.016230296433847168,649
Apple iPhone 15 (512GB),3.46,1235.988,750.7763017147234,485.2116982852766,0.01043216265775164,650
Honor V Purse,2.4,815.88,281.53010708537465,534.3498929146253,0.0025580283840345073,651
OnePlus Nord N20 SE (4GB RAM + 128GB),2.3,191.88,237.26159815807762,-45.38159815807762,2.1234197286236342e-05,652
Tecno Camon 20 Avocado Art Edition,2.0,155.988,104.45607137618663,51.53192862381337,5.100158377845135e-05,653
Xiaomi Redmi Note 12 Pro (12GB RAM + 256GB),2.6,293.88,370.06712493996895,-76.18712493996895,5.028192407702758e-05,655
Lava Blaze 5G (8GB RAM + 128GB),2.2,143.988,192.9930892307808,-49.00508923078081,2.9938160537680822e-05,656
Xiaomi Redmi 13 4G,2.2,131.988,192.9930892307808,-61.00508923078081,4.639539511466495e-05,657
Honor Play 40C,2.2,119.88,192.9930892307808,-73.11308923078082,6.663969690600979e-05,659
Realme Narzo 60 Pro (12GB RAM + 256GB),2.6,317.988,370.06712493996895,-52.07912493996895,2.349503383266412e-05,661
Realme GT Neo 5 Pro,3.2,479.988,635.6781785037512,-155.69017850375116,0.0006573225843804951,663
Tecno Phantom V Flip,3.0,599.988,547.1411606491571,52.84683935084297,4.9476258763897766e-05,664
Vivo Y36 5G,2.2,251.988,192.9930892307808,58.99491076921919,4.3388220783511596e-05,665
Oppo K11x 5G,2.2,209.88,192.9930892307808,16.886910769219185,3.555029110978766e-06,666
Samsung Galaxy M55,2.4,359.88,281.53010708537465,78.34989291462534,5.499595148794398e-05,667
Tecno Spark 10 5G (8GB RAM + 128GB),2.2,159.6,192.9930892307808,-33.39308923078082,1.3901316783958108e-05,670
Vivo Y22 (4GB RAM + 128GB),2.0,121.488,104.45607137618663,17.03192862381337,5.571325421301537e-06,672
Vivo Y100A,2.2,248.4,192.9930892307808,55.406910769219195,3.82710711325699e-05,673
Tecno Pova 5 4G,2.2,143.988,192.9930892307808,-49.00508923078081,2.9938160537680822e-05,674
Vivo X100 Lite,3.25,479.88,657.8124329673996,-177.93243296739956,0.0009492989408026624,675
iQOO Neo 8 Pro,3.35,467.88,702.0809418946968,-234.20094189469683,0.0019934096159037957,676
OnePlus Ace 2V,3.05,323.88,569.2754151128055,-245.3954151128055,0.0011898413778965065,677
Samsung Galaxy A14 4G,2.0,155.988,104.45607137618663,51.53192862381337,5.100158377845135e-05,678
Honor X8a,2.0,227.988,104.45607137618663,123.53192862381337,0.0002930821124654134,679
Xiaomi Redmi A2 Plus,2.2,89.988,192.9930892307808,-103.00508923078081,0.00013226962113587975,680
Samsung Galaxy A23 5G (8GB RAM + 128GB),2.2,262.788,192.9930892307808,69.7949107692192,6.07281787805248e-05,681
Oppo A56s,2.4,155.988,281.53010708537465,-125.54210708537465,0.00014119936148270117,682
Samsung Galaxy A04e (3GB RAM + 64GB),2.3,89.988,237.26159815807762,-147.27359815807762,0.00022362794415460113,683
Realme 10 Pro Plus (8GB RAM + 128GB),2.6,311.988,370.06712493996895,-58.07912493996895,2.9220580988434792e-05,684
Meizu 20,3.2,431.88,635.6781785037512,-203.79817850375116,0.0011263068283752212,685
Xiaomi Civi 3,3.1,347.88,591.4096695764541,-243.52966957645413,0.0013051050516805186,686
iQOO Z9 Pro,2.91,311.88,507.29950261458987,-195.41950261458987,0.0005557104862595287,687
Redmi Note 11 Pro 2023,2.3,227.988,237.26159815807762,-9.273598158077618,8.866920662299612e-07,688
Xiaomi Redmi 13 Prime 5G,2.2,215.88,192.9930892307808,22.886910769219185,6.530058877473938e-06,690
OPPO A77s,2.4,203.988,281.53010708537465,-77.54210708537465,5.386778300016418e-05,691
Infinix Zero 20,2.2,215.988,192.9930892307808,22.99491076921919,6.591833080497083e-06,692
Vivo Y22s,2.4,179.88,281.53010708537465,-101.65010708537466,9.256985569601285e-05,693
OnePlus 10T (12GB RAM + 256GB),3.2,538.6800000000001,635.6781785037512,-96.99817850375109,0.0002551427773289636,694
Nubia Z50,3.2,419.988,635.6781785037512,-215.69017850375116,0.0012615859992664096,695
Infinix Note 12 Pro 5G,2.4,227.988,281.53010708537465,-53.54210708537465,2.5682945039175722e-05,696
Solana Saga,3.2,947.88,635.6781785037512,312.20182149624884,0.002643181500599237,697
OPPO Reno 9 Pro Plus,3.2,551.988,635.6781785037512,-83.6901785037511,0.00018993504730930642,698
OnePlus 10T,3.2,527.964,635.6781785037512,-107.7141785037511,0.00031463125900199607,699
Motorola Moto G42,2.4,143.88,281.53010708537465,-137.65010708537466,0.0001697489172988869,700
OnePlus Nord 3T 5G,3.0,359.88,547.1411606491571,-187.2611606491571,0.0006212325993561429,701
Samsung Galaxy A04,2.3,131.988,237.26159815807762,-105.27359815807762,0.00011426552258123735,702
OPPO F23 Pro,2.2,239.88,192.9930892307808,46.886910769219185,2.7406020801159513e-05,704
Samsung Galaxy F63,2.4,263.988,281.53010708537465,-17.542107085374653,2.7568771980431427e-06,705
Poco M4 5G,2.2,131.988,192.9930892307808,-61.00508923078081,4.639539511466495e-05,706
Samsung Galaxy M33 5G (8GB RAM + 128GB),2.4,203.988,281.53010708537465,-77.54210708537465,5.386778300016418e-05,707
Poco X4 Pro 5G (6GB RAM + 128GB),2.2,215.988,192.9930892307808,22.99491076921919,6.591833080497083e-06,708
Apple iPhone 15 Max,3.46,1199.88,750.7763017147234,449.10369828527666,0.008937274287111644,709
Samsung Galaxy A23 (8GB RAM + 128GB),2.4,214.308,281.53010708537465,-67.22210708537466,4.048350895734026e-05,710
Poco F4 5G,3.2,335.988,635.6781785037512,-299.69017850375116,0.002435572948387302,711
Realme Narzo 50,2.0,119.988,104.45607137618663,15.531928623813371,4.633206337389004e-06,712
OnePlus Nord CE 2 Lite 5G (8GB RAM + 256GB),2.2,299.988,192.9930892307808,106.99491076921919,0.00014271479105734496,713
Nubia Z40 Pro 5G,3.0,599.88,547.1411606491571,52.73883935084291,4.927424191755288e-05,714
Xiaomi 11i HyperCharge 5G (8GB RAM + 128GB),2.5,274.68,325.7986160126719,-51.11861601267191,2.1975966425456706e-05,715
Samsung Galaxy A83 5G,3.2,479.88,635.6781785037512,-155.79817850375116,0.0006582348508118018,716
Xiaomi Redmi Note 10S (8GB RAM + 128GB),2.05,191.88,126.59032583983503,65.28967416016496,7.338783593729624e-05,717
Xiaomi Redmi Note 11T 5G (8GB RAM + 128GB),2.4,202.68,281.53010708537465,-78.85010708537465,5.570042138247652e-05,718
Vivo V23e 5G,2.4,275.988,281.53010708537465,-5.542107085374653,2.7517167775897084e-07,719
Motorola Moto G71 5G,2.2,197.736,192.9930892307808,4.742910769219179,2.804352823245315e-07,720
Samsung Galaxy Z Flip 4 5G,3.2,779.988,635.6781785037512,144.3098214962489,0.0005647391553135233,721
Xiaomi Redmi Note 11T 5G,2.4,167.988,281.53010708537465,-113.54210708537465,0.0001154962290419969,722
iQOO 9 Pro 5G,3.0,599.88,547.1411606491571,52.73883935084291,4.927424191755288e-05,723
iQOO Z5 5G (12GB RAM + 256GB),2.4,275.88,281.53010708537465,-5.650107085374657,2.8600081040246063e-07,724
Motorola Moto G31,2.0,119.988,104.45607137618663,15.531928623813371,4.633206337389004e-06,725
Xiaomi Mi 11T Pro 5G,2.84,371.988,476.3115463654816,-104.3235463654816,0.00013653085591090766,726
Vivo Y12a,2.0,119.988,104.45607137618663,15.531928623813371,4.633206337389004e-06,727
OnePlus Nord CE 5G (12GB RAM + 256GB),2.2,323.88,192.9930892307808,130.88691076921918,0.00021356750754114055,728
OnePlus Nord N200,2.0,203.88,104.45607137618663,99.42392862381337,0.00018985092134114545,729
Realme 9 4G,2.4,203.988,281.53010708537465,-77.54210708537465,5.386778300016418e-05,730
Realme 9 Pro 5G,2.2,263.988,192.9930892307808,70.99491076921919,6.2834357637347e-05,731
Xiaomi Redmi Note 11 Pro 5G,2.2,215.88,192.9930892307808,22.886910769219185,6.530058877473938e-06,732
Xiaomi Redmi Note 10S,2.05,179.988,126.59032583983503,53.39767416016497,4.908849991880818e-05,733
OPPO A74 5G,2.0,215.88,104.45607137618663,111.42392862381337,0.00023844477118686178,734
Xiaomi Redmi Note 10 Pro (6GB RAM + 128GB),2.3,203.88,237.26159815807762,-33.38159815807762,1.1489219481081013e-05,735
OPPO X 2021,2.84,1619.988,476.3115463654816,1143.6764536345186,0.01640863628172412,736
OnePlus 9,2.84,431.88,476.3115463654816,-44.43154636548161,2.4765607495023098e-05,737
Samsung Galaxy S20 FE,2.73,322.788,427.616186545455,-104.82818654545497,0.00011198282444419729,738
Vivo V20,2.3,299.88,237.26159815807762,62.61840184192238,4.042781174939015e-05,739
Samsung Galaxy A52,2.3,239.988,237.26159815807762,2.7264018419223817,7.664009054800309e-08,740
Vivo U3,2.0,119.88,104.45607137618663,15.423928623813367,4.568997107628939e-06,741
Apple iPhone 11 Pro Max,2.65,1318.8,392.20137940361735,926.5986205963826,0.007804273719226489,742
Samsung Galaxy A40,2.2,215.88,192.9930892307808,22.886910769219185,6.530058877473938e-06,743
OnePlus 6T,2.7,226.788,414.335633867266,-187.54763386726597,0.0003418022796405693,744
Honor X8b,2.4,215.88,281.53010708537465,-65.65010708537466,3.861222101355886e-05,745
Meizu 21 Pro,3.3,611.988,679.946687431048,-67.9586874310479,0.00015267836210600198,746
Vivo S19e,2.6,311.88,370.06712493996895,-58.18712493996895,2.9329355248616666e-05,747
Motorola Moto G24 Power,2.2,227.88,192.9930892307808,34.886910769219185,1.5172871267775748e-05,748
Asus Zenfone 11 Ultra,3.3,959.88,679.946687431048,279.93331256895203,0.0025905781286033485,749
Infinix Smart 8 Pro,2.3,107.988,237.26159815807762,-129.27359815807762,0.00017230423429597582,750
Infinix Note 40 Pro,2.2,287.88,192.9930892307808,94.88691076921918,0.00011224199036551412,751
Vivo Y100i 5G,2.2,215.88,192.9930892307808,22.886910769219185,6.530058877473938e-06,753
Xiaomi Redmi Note 13 4G,2.8,179.88,458.6041427945628,-278.7241427945628,0.0008992986805986816,754
Lava Blaze 3 5G,2.4,155.988,281.53010708537465,-125.54210708537465,0.00014119936148270117,755
Motorola Moto G Power 5G 2024,2.6,311.988,370.06712493996895,-58.07912493996895,2.9220580988434792e-05,756
Vivo Y33t 4G 2023,2.0,101.988,104.45607137618663,-2.4680713761866286,1.1698934246249104e-07,757
Nubia Z60,3.3,599.88,679.946687431048,-80.06668743104797,0.0002119294201209596,758
Oppo A18 (4GB RAM + 128GB),2.0,137.988,104.45607137618663,33.53192862381337,2.1594737816051958e-05,759
Google Pixel 8 (8GB RAM + 256 GB),3.0,995.988,547.1411606491571,448.84683935084297,0.0035690707610212297,760
Tecno Spark 20C,2.2,131.988,192.9930892307808,-61.00508923078081,4.639539511466495e-05,761
Xiaomi Redmi Note 13R Pro,2.4,287.988,281.53010708537465,6.457892914625347,3.7362470418814364e-07,762
Apple iPhone 15 Pro (1TB),3.78,2171.88,892.435530282074,1279.444469717926,0.12020279885180996,763
Honor Play 50 Plus,2.2,167.988,192.9930892307808,-25.00508923078081,7.794702812958423e-06,764
Unihertz Jelly Star,2.2,138.0,192.9930892307808,-54.99308923078081,3.7701530243879224e-05,766
Nokia C32 (4GB RAM + 128 GB),1.6,95.988,-72.61796433300151,168.6059643330015,0.0012097879376724758,768
Infinix Note 14 Pro 5G,2.2,215.88,192.9930892307808,22.886910769219185,6.530058877473938e-06,770
Tecno Spark 10 5G (8GB RAM + 256GB),2.2,173.988,192.9930892307808,-19.00508923078081,4.502799096204046e-06,772
Realme Narzo 70 Pro 5G,2.6,239.88,370.06712493996895,-130.18712493996895,0.00014681985479406427,774
Motorola Moto G33,2.4,155.88,281.53010708537465,-125.65010708537466,0.00014144240488454885,775
Infinix Smart 7 HD,1.6,71.988,-72.61796433300151,144.6059643330015,0.0008898889110801196,776
Infinix Hot 30i (4GB RAM+ 64GB),2.3,89.988,237.26159815807762,-147.27359815807762,0.00022362794415460113,779
Lava Blaze 2 4G,2.0,107.976,104.45607137618663,3.519928623813371,2.379570540387394e-07,780
OPPO F24 4G,2.8,215.88,458.6041427945628,-242.7241427945628,0.0006819942786291242,781
Itel P40,1.6,79.188,-72.61796433300151,151.8059643330015,0.0009807110146837134,782
iQOO Z7i,2.2,131.88,192.9930892307808,-61.113089230780815,4.655981215165597e-05,784
Tecno Phantom X3 Pro,3.35,659.88,702.0809418946968,-42.200941894696825,6.472373373775247e-05,785
Tecno Phantom X3,3.05,599.88,569.2754151128055,30.604584887194505,1.8506707706043655e-05,786
Sony Xperia 5V,3.2,1067.88,635.6781785037512,432.20182149624895,0.005065581495002148,787
Vivo V27 Pro (8GB RAM + 256GB),3.1,443.988,591.4096695764541,-147.42166957645412,0.000478260333541144,788
Vivo S17,2.5,347.88,325.7986160126719,22.08138398732808,4.10055261294608e-06,789
Tecno Pop 7 Pro (3GB RAM + 64GB),2.0,77.988,104.45607137618663,-26.46807137618663,1.345474476837272e-05,790
Lava Blaze 5G (6GB RAM + 128GB),2.2,131.988,192.9930892307808,-61.00508923078081,4.639539511466495e-05,791
Realme GT 3,3.2,539.88,635.6781785037512,-95.79817850375116,0.00024886889757928386,792
Samsung Galaxy S23 Plus (8GB RAM + 512GB),3.36,1139.988,706.5077927874264,433.48020721257365,0.006957170735194825,794
Tecno Pop 7 Pro,2.0,76.68,104.45607137618663,-27.77607137618662,1.4817417181048337e-05,795
Infinix Hot 20 (6GB RAM+ 128GB),2.4,155.988,281.53010708537465,-125.54210708537465,0.00014119936148270117,796
iQOO 11 (16GB RAM + 256GB),3.2,659.88,635.6781785037512,24.20182149624884,1.5883720186767898e-05,797
Blackview BV5200 Pro,2.3,107.88,237.26159815807762,-129.38159815807762,0.00017259225336308608,798
Samsung Galaxy A04e (4GB RAM + 128GB),2.3,103.488,237.26159815807762,-133.77359815807762,0.00018450880386194335,799
Samsung Galaxy M04 (4GB RAM + 128GB),2.3,103.8,237.26159815807762,-133.4615981580776,0.00018364914820238244,800
Vivo Y35 5G,2.2,167.988,192.9930892307808,-25.00508923078081,7.794702812958423e-06,801
OnePlus Ace 2,3.2,419.988,635.6781785037512,-215.69017850375116,0.0012615859992664096,802
Sony Xperia 10 V,2.2,479.988,192.9930892307808,286.9949107692192,0.0010268124724733985,803
OPPO A1 Pro 5G,2.2,251.88,192.9930892307808,58.886910769219185,4.322950747762524e-05,804
iQOO Z7x,2.2,191.88,192.9930892307808,-1.1130892307808153,1.5445526116177602e-08,805
Oppo A98,2.2,299.88,192.9930892307808,106.88691076921918,0.00014242682561430765,806
Xiaomi Redmi Note 12 Explorer,2.6,299.988,370.06712493996895,-70.07912493996895,4.2542798868409704e-05,807
OnePlus Nord 5,3.35,419.988,702.0809418946968,-282.0929418946968,0.0028920361298241026,808
Vivo S16,3.2,359.88,635.6781785037512,-275.79817850375116,0.002062713486349358,809
Realme GT Neo 3T (8GB RAM + 256GB),3.2,359.88,635.6781785037512,-275.79817850375116,0.002062713486349358,810
Realme C30s (4GB RAM + 64GB),1.6,95.988,-72.61796433300151,168.6059643330015,0.0012097879376724758,811
OPPO F21s Pro,2.2,291.576,192.9930892307808,98.58291076921921,0.00012115630457347862,812
Tecno Camon 19 Pro Mondrian Edition,2.05,184.68,126.59032583983503,58.089674160164975,5.809422465726937e-05,813
Samsung Galaxy A53 (8GB RAM + 256GB),2.4,419.988,281.53010708537465,138.45789291462535,0.00017174707207798972,814
Realme 9i 5G (6GB RAM + 128GB),2.4,195.48,281.53010708537465,-86.05010708537466,6.633713880616452e-05,815
Vivo V25 Pro (12GB RAM + 256GB),3.0,479.988,547.1411606491571,-67.15316064915709,7.988987321761671e-05,816
Honor X8 5G,2.2,179.88,192.9930892307808,-13.113089230780815,2.1436445650602277e-06,817
Oppo Reno 8 Pro (8GB RAM + 256GB),2.85,515.88,480.7383972582114,35.141602741788574,1.5816139408532497e-05,818
Xiaomi 13 Lite,2.4,515.88,281.53010708537465,234.34989291462534,0.000492020756676113,819
Asus ZenFone 9,3.2,767.88,635.6781785037512,132.20182149624884,0.0004739483316761762,820
Nubia Red Magic 7S Pro,3.2,731.88,635.6781785037512,96.20182149624884,0.000250970520357671,821
OPPO Reno 8 Z,2.2,323.88,192.9930892307808,130.88691076921918,0.00021356750754114055,822
Poco F4 5G (8GB RAM + 128GB),3.2,359.988,635.6781785037512,-275.69017850375116,0.0020610983238431636,823
Realme V20 5G,2.2,137.988,192.9930892307808,-55.00508923078081,3.7717985683287634e-05,824
Samsung Galaxy M13,2.0,143.52,104.45607137618663,39.06392862381338,2.9307765300472587e-05,825
Motorola Moto E32s,1.8,83.88,15.91905352159256,67.96094647840744,0.0001349400874205026,826
Motorola Moto G23,2.0,239.988,104.45607137618663,135.53192862381337,0.000352788245332386,827
Vivo Y77 5G,2.2,215.88,192.9930892307808,22.886910769219185,6.530058877473938e-06,828
Vivo Y75 4G,2.05,239.88,126.59032583983503,113.28967416016496,0.00022096105479619505,830
Xiaomi Redmi 10C (4GB RAM + 128GB),2.4,179.88,281.53010708537465,-101.65010708537466,9.256985569601285e-05,831
Oppo A77 5G,2.4,263.88,281.53010708537465,-17.650107085374657,2.7909277576070533e-06,832
OPPO F23 Pro Plus 5G,2.4,335.88,281.53010708537465,54.34989291462534,2.646374427507966e-05,833
ZTE Axon 40 Ultra 5G,3.0,743.88,547.1411606491571,196.7388393508429,0.0006857076989854545,834
Motorola Moto G52 (6GB RAM + 128GB),2.4,167.988,281.53010708537465,-113.54210708537465,0.0001154962290419969,835
OPPO K10 5G,2.4,311.988,281.53010708537465,30.457892914625347,8.311006397186523e-06,836
Xiaomi Redmi Note 12S,2.05,239.988,126.59032583983503,113.39767416016497,0.0002213825436719075,837
Samsung Galaxy A33 5G (8GB RAM + 128GB),2.4,297.48,281.53010708537465,15.949892914625366,2.279131843151828e-06,838
Realme Narzo 50 (6GB RAM + 128GB),2.0,154.68,104.45607137618663,50.22392862381338,4.844536494147043e-05,839
OPPO Reno7 Z 5G,2.2,215.988,192.9930892307808,22.99491076921919,6.591833080497083e-06,840
Xiaomi Redmi Note 11S (8GB RAM + 128GB),2.05,179.88,126.59032583983503,53.289674160164964,4.889013185446991e-05,841
Xiaomi Redmi 11 Prime,2.2,131.988,192.9930892307808,-61.00508923078081,4.639539511466495e-05,842
Xiaomi 11T Pro 5G (8GB RAM + 256GB),2.84,407.988,476.3115463654816,-68.3235463654816,5.8560790407508814e-05,843
Asus ROG Phone 6 Pro 5G,3.2,1079.988,635.6781785037512,444.3098214962489,0.00535337846851755,844
Vivo V23 Pro 5G (12GB RAM + 256GB),3.0,395.88,547.1411606491571,-151.2611606491571,0.0004053345956151359,845
Vivo V23 5G (12GB RAM + 256GB),2.5,395.988,325.7986160126719,70.18938398732809,4.1431692069409955e-05,846
Xiaomi Redmi Note 11S,2.05,149.88,126.59032583983503,23.289674160164964,9.338172753226262e-06,847
iQOO Neo 6 SE 5G,3.2,275.88,635.6781785037512,-359.79817850375116,0.0035105409362898464,848
Samsung Galaxy A03,2.0,94.656,104.45607137618663,-9.800071376186622,1.844545391579628e-06,849
Vivo Y55 5G,2.2,251.88,192.9930892307808,58.886910769219185,4.322950747762524e-05,850
Poco M4 Pro 5G (6GB RAM + 128GB),2.4,197.88,281.53010708537465,-83.65010708537466,6.268835998973334e-05,851
OPPO A55 4G,2.3,143.988,237.26159815807762,-93.27359815807762,8.970026733676611e-05,852
OPPO A16K,2.3,119.88,237.26159815807762,-117.38159815807762,0.00014206147269774013,853
Vivo Y33s,2.0,167.52,104.45607137618663,63.06392862381338,7.638233200405989e-05,854
Asus ROG Phone 5s Pro 5G,2.9,959.988,502.87265172186005,457.11534827814,0.002975657611502834,855
Xiaomi Redmi 10 (6GB RAM + 128GB),2.4,125.88,281.53010708537465,-155.65010708537466,0.00021704648319548144,856
Xiaomi Redmi 10 Prime,2.0,141.588,104.45607137618663,37.131928623813366,2.648048184983292e-05,857
Samsung Galaxy M32 5G,2.0,215.988,104.45607137618663,111.53192862381337,0.00023890723048010146,858
Xiaomi Redmi Note 10T 5G,2.2,164.28,192.9930892307808,-28.71308923078081,1.0277857344595008e-05,859
Xiaomi Mi 11 Lite (8GB RAM + 128GB),2.3,191.988,237.26159815807762,-45.27359815807762,2.113325044486779e-05,860
Xiaomi Redmi 10,2.4,107.388,281.53010708537465,-174.14210708537465,0.0002716823942058808,861
OPPO A16,2.3,151.18800000000002,237.26159815807762,-86.0735981580776,7.63864263862107e-05,862
POCO M3 Pro 5G,2.2,148.68,192.9930892307808,-44.313089230780804,2.4479739895938287e-05,863
Asus ROG Phone 6,3.2,863.988,635.6781785037512,228.3098214962489,0.0014135309105897343,864
iQOO 7 (8GB RAM + 256GB),3.2,305.988,635.6781785037512,-329.69017850375116,0.0029475972337479105,865
Realme X7 Max,3.0,287.988,547.1411606491571,-259.1531606491571,0.0011897941671688771,866
